<?xml version="1.0" encoding="utf-8" ?>
<Defs>

<!-- 			라면					-->

	<RecipeDef>
    <defName>Make_Raman</defName>
    <label>make Raman</label>
    <description>Make a Raman.</description>
    <jobString>Making Raman.</jobString>
    <workSpeedStat>CookSpeed</workSpeedStat>
    <effectWorking>Cook</effectWorking>
    <soundWorking>Recipe_CookMeal</soundWorking>
    <workAmount>2500</workAmount>
	<recipeUsers>
		<li>ElectricStove</li>
	    <li>FueledStove</li>
	</recipeUsers>
    <ingredients>
      <li>
        <filter>
          <thingDefs>
            <li>Row_Spagete</li>
          </thingDefs>
        </filter>
        <count>1</count>
      </li>
      <li>
        <filter>
          <thingDefs>
            <li>SpamCan</li>
          </thingDefs>
        </filter>
        <count>1</count>
      </li>
      <li>
        <filter>
          <thingDefs>
            <li>EggChickenUnfertilized</li>
          </thingDefs>
        </filter>
        <count>1</count>
      </li>
    </ingredients>
    <fixedIngredientFilter>
      <thingDefs>
        <li>EggChickenUnfertilized</li>
        <li>SpamCan</li>
        <li>Row_Spagete</li>
      </thingDefs>
    </fixedIngredientFilter>
    <products>
      <Raman>1</Raman>
    </products>
		<skillRequirements>
			<Cooking>6</Cooking>
		</skillRequirements>
    <workSkill>Cooking</workSkill>
	<researchPrerequisite>SM_Raman</researchPrerequisite>
	</RecipeDef>

</Defs>

