<?xml version="1.0" encoding="utf-8" ?>
<Defs>

<!--				Flour_dough							-->

	<RecipeDef>
    <defName>Make_Flour_dough</defName>
    <label>make Flour_dough</label>
    <description>Make Flour_dough.</description>
    <jobString>Making Flour_dough.</jobString>
    <workSpeedStat>CookSpeed</workSpeedStat>
    <effectWorking>Cook</effectWorking>
    <soundWorking>Recipe_CookMeal</soundWorking>
    <workAmount>3000</workAmount>
	<recipeUsers>
		<li>ElectricStove</li>
	    <li>FueledStove</li>
	</recipeUsers>
    <ingredients>
      <li>
        <filter>
          <thingDefs>
            <li>RC2_Flour</li>
          </thingDefs>
        </filter>
        <count>10</count>
      </li>
    </ingredients>
    <fixedIngredientFilter>
      <thingDefs>
        <li>RC2_Flour</li>
      </thingDefs>
    </fixedIngredientFilter>
    <products>
      <Flour_dough>1</Flour_dough>
    </products>
		<skillRequirements>
			<Cooking>2</Cooking>
		</skillRequirements>
    <workSkill>Cooking</workSkill>
	<researchPrerequisite>Make_Dough</researchPrerequisite>
	</RecipeDef>
	
		<RecipeDef>
    <defName>Make_Flour_dough_10</defName>
    <label>make 10 Flour_dough</label>
    <description>Make 10 Flour_dough.</description>
    <jobString>Making Flour_dough.</jobString>
    <workSpeedStat>CookSpeed</workSpeedStat>
    <effectWorking>Cook</effectWorking>
    <soundWorking>Recipe_CookMeal</soundWorking>
    <workAmount>6000</workAmount>
	<recipeUsers>
		<li>ElectricStove</li>
	    <li>FueledStove</li>
	</recipeUsers>
    <ingredients>
      <li>
        <filter>
          <thingDefs>
            <li>RC2_Flour</li>
          </thingDefs>
        </filter>
        <count>100</count>
      </li>
    </ingredients>
    <fixedIngredientFilter>
      <thingDefs>
        <li>RC2_Flour</li>
      </thingDefs>
    </fixedIngredientFilter>
    <products>
      <Flour_dough>10</Flour_dough>
    </products>
		<skillRequirements>
			<Cooking>4</Cooking>
		</skillRequirements>
    <workSkill>Cooking</workSkill>
	<researchPrerequisite>Make_Dough</researchPrerequisite>
	</RecipeDef>
</Defs>

